{
  "fidelity": {
    "score": 0.8927283696561351,
    "individual_scores": [
      0.9911764705882353,
      0.8292682926829268,
      0.9351432880844646,
      0.958969465648855,
      0.9567474048442907,
      0.8661037394451147,
      0.9167455061494797,
      0.909541511771995,
      0.851207729468599,
      0.8279118572927597,
      0.979557069846678,
      0.8437190900098912,
      0.832258064516129,
      0.9800399201596807,
      0.9754901960784313,
      0.8878012048192772,
      0.8761061946902655,
      0.8847161572052402,
      0.867879746835443,
      0.8834586466165414,
      0.8459143968871595,
      0.886438809261301,
      0.8627450980392157,
      0.9085667215815486,
      0.8741573033707866,
      0.8389662027833003,
      0.8124156545209177,
      0.8987764182424917,
      0.8933500627352572,
      0.9066788655077768
    ],
    "description": "Accordo regole-modello pesato per precisione"
  },
  "faithfulness": {
    "score": 0.776474770668875,
    "individual_scores": [
      0.6325800336459104,
      0.771414759682446,
      0.8767892476480291,
      0.9507882359032412,
      0.6695749598803404,
      0.5403245893117171,
      0.6288857683327926,
      0.8286900210114659,
      0.6243267782644373,
      0.3126503711982639,
      0.8115537807320005,
      0.7861476832398321,
      0.7807126014463364,
      0.9777011031400182,
      0.9522972951332728,
      0.8339818800092642,
      0.8148934424450968,
      0.8844374148550802,
      0.48962546003204355,
      0.8825852689980985,
      0.8376897128204659,
      0.8860586866486896,
      0.861680143594961,
      0.908338268223111,
      0.6203781996550185,
      0.8351457837458042,
      0.693655266171364,
      0.8021243357154498,
      0.8929029670561497,
      0.9063090615255472
    ],
    "description": "Stabilit\u00e0 quando si modificano features non-anchor"
  },
  "sparsity": {
    "score": 0.7175925925925926,
    "details": {
      "mean_anchor_size": 2.1666666666666665,
      "used_features": 8,
      "total_features": 18,
      "sparsity_size": 0.8796296296296297,
      "sparsity_concentration": 0.5555555555555556
    },
    "description": "Concentrazione regole su poche features"
  },
  "stability": {
    "score": 0.85,
    "individual_scores": [],
    "description": "Robustezza regole a perturbazioni (placeholder)"
  },
  "consistency": {
    "score": 0.7015625,
    "individual_scores": [
      0.3333333333333333,
      0.6666666666666666,
      0.2,
      0.6666666666666666,
      0.3333333333333333,
      0.3333333333333333,
      0.25,
      0.3333333333333333,
      0.3333333333333333,
      0.0,
      0.3333333333333333,
      1.0,
      1.0,
      1.0,
      0.6666666666666666,
      1.0,
      1.0,
      1.0,
      1.0,
      1.0,
      1.0,
      1.0,
      1.0,
      1.0,
      0.3333333333333333,
      1.0,
      1.0,
      0.3333333333333333,
      1.0,
      1.0,
      0.3333333333333333,
      1.0
    ],
    "description": "Similarit\u00e0 regole per campioni simili"
  }
}