{
  "model_info": {
    "type": "XGBoost",
    "dataset": "PCA",
    "timestamp": "2025-08-11T23:13:16.624753",
    "best_params": {
      "subsample": 0.8,
      "scale_pos_weight": 1,
      "reg_lambda": 0,
      "reg_alpha": 0.5,
      "n_estimators": 500,
      "min_child_weight": 1,
      "max_depth": 5,
      "learning_rate": 0.1,
      "gamma": 0.1,
      "colsample_bytree": 1.0
    },
    "cv_score": 0.9619432007870969
  },
  "performance": {
    "accuracy": 0.8378378378378378,
    "precision": 0.9,
    "recall": 0.8513513513513513,
    "f1_score": 0.875,
    "roc_auc": 0.8977355734112491
  },
  "confusion_matrix": [
    [
      30,
      7
    ],
    [
      11,
      63
    ]
  ],
  "feature_importance": [
    0.02983284555375576,
    0.0730002373456955,
    0.03715800493955612,
    0.03319571912288666,
    0.06398555636405945,
    0.03243975713849068,
    0.06603419780731201,
    0.1408473402261734,
    0.10215755552053452,
    0.06680244207382202,
    0.04409744217991829,
    0.05725971609354019,
    0.03210265934467316,
    0.049269549548625946,
    0.03530009835958481,
    0.05548034608364105,
    0.039842892438173294,
    0.041193608194589615
  ]
}