{
  "total_explanations": 30,
  "avg_precision": 0.9779236712315665,
  "avg_coverage": 0.04451333333333333,
  "avg_features_used": 3.1333333333333333,
  "precision_std": 0.015721981037370103,
  "coverage_std": 0.026097097326884634,
  "top_rules": [
    [
      "PC9 <= -0.51",
      10
    ],
    [
      "PC8 <= -0.39",
      9
    ],
    [
      "PC10 <= -0.43",
      5
    ],
    [
      "PC9 > 0.73",
      5
    ],
    [
      "PC2 <= -0.75",
      5
    ],
    [
      "PC8 > 0.73",
      5
    ],
    [
      "PC8 <= 0.17",
      5
    ],
    [
      "PC8 > 0.17",
      4
    ],
    [
      "PC2 > 1.16",
      4
    ],
    [
      "PC9 <= 0.06",
      4
    ]
  ],
  "rule_distribution": {
    "PC8 > 0.17": 4,
    "PC2 > 1.16": 4,
    "PC9 > 0.06": 2,
    "PC8 <= -0.39": 9,
    "PC10 <= -0.43": 5,
    "PC3 <= -0.80": 1,
    "PC9 <= -0.51": 10,
    "PC8 <= 0.73": 1,
    "PC11 > 0.04": 1,
    "PC9 > 0.73": 5,
    "PC2 > 0.25": 3,
    "PC10 > 0.02": 2,
    "PC8 > -0.39": 1,
    "PC17 > -0.00": 1,
    "PC9 <= 0.06": 4,
    "PC2 <= -0.75": 5,
    "PC15 > 0.39": 1,
    "PC16 > -0.03": 1,
    "PC9 > -0.51": 1,
    "PC5 > 0.67": 1,
    "PC8 > 0.73": 5,
    "PC10 > 0.54": 3,
    "PC5 <= -0.63": 1,
    "PC4 > 0.54": 3,
    "PC7 <= -0.48": 1,
    "PC1 > 0.35": 1,
    "PC8 <= 0.17": 5,
    "PC12 <= -0.53": 3,
    "PC14 <= -0.47": 1,
    "PC1 <= -0.97": 1,
    "PC6 <= 0.28": 1,
    "PC12 <= 0.03": 1,
    "PC13 <= -0.49": 1,
    "PC18 <= -0.03": 1,
    "PC3 > -0.80": 1,
    "PC7 > -0.48": 1,
    "PC3 > 0.07": 1,
    "PC4 <= -0.61": 1
  }
}