{
  "fidelity": {
    "score": 0.9720812124642668,
    "individual_scores": [
      0.9997864050010364,
      0.9997060282030784,
      0.9995292621596784,
      0.9987183482618484,
      0.9784826101023711,
      0.9970754176484323,
      0.9578753034648896,
      0.9745663044147124,
      0.9231293684046304,
      0.9991746575021415,
      0.9615978167211806,
      0.9807051832302716,
      0.9054608345031738,
      0.9997526465931713,
      0.9635392315597813,
      0.944919926145948,
      0.9175111206054982,
      0.9922254993580852,
      0.9994791686615114,
      0.9377946832468966,
      0.9993660301921119,
      0.9165909786281105,
      0.9998666952946479,
      0.978338925438641,
      0.9997462679328883,
      0.9707552387535716,
      0.9869179280303447,
      0.9996220740090594,
      0.9999073029677598,
      0.9968736121595156,
      0.6853873431682587,
      0.984847252445088,
      0.9775433100326075,
      0.98395394236437,
      0.8559878468513489,
      0.9776530939646054,
      0.9634865619681109,
      0.9996339096881696,
      0.9999178846524652,
      0.9952533500343524,
      0.9412457906335931,
      0.9990627290331661,
      0.9969749418688295,
      0.9966295874766593,
      0.9995950835547153,
      0.9680343105715375,
      0.9926230786576318,
      0.9982245188956548,
      0.9955846969346843,
      0.9198013402997457,
      0.9921916496994007,
      0.9795100610292944,
      0.9994492233280875,
      0.930227446176572,
      0.9997213673108317,
      0.9977651645449384,
      0.9356759870079809,
      0.9941315337895202,
      0.9932794712141559,
      0.9986282980596765,
      0.9987649155825675,
      0.968281428061845,
      0.6943336725234985,
      0.9994122669984697,
      0.9500851996267438,
      0.9590250342119788,
      0.9999667278415074,
      0.964128208675189,
      0.9897262071583814,
      0.9714113389781397,
      0.9198443583623347,
      0.9980122743306435,
      0.9941202276663669,
      0.879296600818634,
      0.95778312626252,
      0.9201120924434867,
      0.9985200660547211,
      0.9992149093787903,
      0.9997135968008684,
      0.9462933239261362,
      0.9707862073203792,
      0.9973435520300202,
      0.9901858426524065,
      0.9999246956273812,
      0.9830694889423156,
      0.9935453899863717,
      0.9626125316525277,
      0.9575475973597024,
      0.9896396151024074,
      0.9997856258281176,
      0.9972349483225178,
      0.9998375444078851,
      0.9965641022714212,
      0.9998355993003494,
      0.9446284933703671,
      0.999752621202862,
      0.9893055793356613,
      0.9990610295208794,
      0.9994729987811869,
      0.9989065632580792
    ],
    "description": "Accuratezza additive feature attribution"
  },
  "faithfulness": {
    "score": 0.7825243954089187,
    "individual_scores": [
      1.0,
      1.0,
      0.12614754524608252,
      1.0,
      1.0,
      0.023876796131377276,
      1.0,
      0.8559307331285737,
      1.0,
      1.0,
      0.15025487256588121,
      0.12541993702057264,
      1.0,
      1.0,
      1.0,
      0.4633310585193584,
      0.471961036397861,
      1.0,
      1.0,
      1.0,
      1.0,
      0.6318367821867987,
      0.06475165009414674,
      0.27106315749781906,
      1.0,
      0.3960514930874295,
      0.3263802813220984,
      1.0,
      1.0,
      1.0,
      0.8065695287402264,
      1.0,
      0.5138891082530002,
      0.059421864596350904,
      0.5743997532089224,
      1.0,
      1.0,
      1.0,
      1.0,
      0.4029821325228191,
      1.0,
      1.0,
      0.33254808313290596,
      1.0,
      1.0,
      1.0,
      1.0,
      0.5404825960640025,
      0.07735939359971189,
      1.0,
      1.0,
      0.41395406795679435,
      0.2682600062033913,
      1.0,
      1.0,
      0.09169678985885055,
      1.0,
      1.0,
      1.0,
      1.0,
      1.0,
      0.12861567524944162,
      1.0,
      1.0,
      0.14328875115413364,
      1.0,
      0.757184625705932,
      1.0,
      0.27421615437178737,
      1.0,
      1.0,
      1.0,
      0.6114070144541497,
      1.0,
      0.22050074664093344,
      0.7055122753570231,
      1.0,
      1.0,
      0.28586166012248704,
      0.7600958956535848,
      1.0,
      1.0,
      1.0,
      1.0,
      1.0,
      1.0,
      1.0,
      1.0,
      1.0,
      0.2444455415138176,
      1.0,
      1.0,
      1.0,
      1.0,
      1.0,
      0.13274253333360608,
      1.0,
      1.0,
      1.0,
      1.0
    ],
    "description": "Impatto rimozione features importanti"
  },
  "sparsity": {
    "score": 0.19222222222222224,
    "individual_scores": [
      0.2777777777777778,
      0.2222222222222222,
      0.2222222222222222,
      0.2222222222222222,
      0.2222222222222222,
      0.16666666666666663,
      0.2222222222222222,
      0.16666666666666663,
      0.2222222222222222,
      0.2222222222222222,
      0.16666666666666663,
      0.2777777777777778,
      0.16666666666666663,
      0.16666666666666663,
      0.2222222222222222,
      0.05555555555555558,
      0.38888888888888884,
      0.05555555555555558,
      0.33333333333333337,
      0.05555555555555558,
      0.33333333333333337,
      0.16666666666666663,
      0.11111111111111116,
      0.05555555555555558,
      0.2777777777777778,
      0.2777777777777778,
      0.2222222222222222,
      0.2777777777777778,
      0.2777777777777778,
      0.2222222222222222,
      0.33333333333333337,
      0.11111111111111116,
      0.2222222222222222,
      0.05555555555555558,
      0.16666666666666663,
      0.2222222222222222,
      0.16666666666666663,
      0.33333333333333337,
      0.2222222222222222,
      0.2777777777777778,
      0.2222222222222222,
      0.05555555555555558,
      0.2222222222222222,
      0.2222222222222222,
      0.33333333333333337,
      0.11111111111111116,
      0.2222222222222222,
      0.16666666666666663,
      0.2222222222222222,
      0.16666666666666663,
      0.2777777777777778,
      0.16666666666666663,
      0.11111111111111116,
      0.05555555555555558,
      0.16666666666666663,
      0.16666666666666663,
      0.2222222222222222,
      0.2222222222222222,
      0.11111111111111116,
      0.2777777777777778,
      0.11111111111111116,
      0.2222222222222222,
      0.2222222222222222,
      0.2777777777777778,
      0.11111111111111116,
      0.33333333333333337,
      0.33333333333333337,
      0.05555555555555558,
      0.11111111111111116,
      0.16666666666666663,
      0.16666666666666663,
      0.16666666666666663,
      0.11111111111111116,
      0.11111111111111116,
      0.16666666666666663,
      0.16666666666666663,
      0.05555555555555558,
      0.2222222222222222,
      0.05555555555555558,
      0.2222222222222222,
      0.16666666666666663,
      0.16666666666666663,
      0.05555555555555558,
      0.2777777777777778,
      0.16666666666666663,
      0.16666666666666663,
      0.2777777777777778,
      0.16666666666666663,
      0.11111111111111116,
      0.05555555555555558,
      0.11111111111111116,
      0.11111111111111116,
      0.11111111111111116,
      0.33333333333333337,
      0.2777777777777778,
      0.2222222222222222,
      0.2777777777777778,
      0.16666666666666663,
      0.2777777777777778,
      0.2222222222222222
    ],
    "description": "Concentrazione su poche features"
  },
  "stability": {
    "score": 0.9999999950331585,
    "individual_scores": [
      0.9999999993780971,
      1.0,
      0.9999999870105302,
      0.9999999898578801,
      1.0,
      0.9999999887079911,
      0.9999999802929693,
      1.0,
      0.9999999957559618,
      0.9999999933060763,
      0.9999999935115919,
      1.0,
      1.0,
      1.0,
      0.9999999908438247,
      1.0,
      1.0,
      0.9999999968292398,
      0.9999999851690083,
      1.0
    ],
    "description": "Robustezza a variazioni del training set"
  },
  "consistency": {
    "score": 0.675105094909668,