{
  "model_type": "LightGBM",
  "dataset_type": "PCA",
  "explainer_type": "SHAP TreeExplainer",
  "n_samples_analyzed": 100,
  "n_features": 18,
  "top_features": {
    "PC8": 2.918831660768329,
    "PC9": 2.568347883749579,
    "PC2": 1.6211173320551922,
    "PC10": 1.4528535387238282,
    "PC12": 1.2172098391546142,
    "PC14": 0.9717373495770565,
    "PC5": 0.9451053881829078,
    "PC3": 0.8162829228345122,
    "PC16": 0.6380861570842972,
    "PC1": 0.5490365298440907
  },
  "total_importance": 16.6394928653801,
  "mean_importance": 0.9244162702988944,
  "std_importance": 0.7575399828999644
}