{
  "individual_models": {
    "RandomForest": {
      "accuracy": 0.8288288288288288,
      "precision": 0.8985507246376812,
      "recall": 0.8378378378378378,
      "f1_score": 0.8671328671328671,
      "roc_auc": 0.9057706355003652,
      "predictions": [
        1,
        1,
        0,
        1,
        1,
        0,
        0,
        0,
        1,
        1,
        0,
        0,
        0,
        1,
        1,
        1,
        0,
        1,
        1,
        1,
        1,
        0,
        0,
        0,
        1,
        0,
        0,
        1,
        1,
        1,
        1,
        1,
        0,
        0,
        1,
        1,
        1,
        1,
        1,
        0,
        1,
        1,
        0,
        1,
        1,
        1,
        1,
        0,
        0,
        1,
        1,
        0,
        1,
        1,
        1,
        0,
        0,
        1,
        1,
        1,
        1,
        0,
        1,
        1,
        0,
        0,
        1,
        1,
        0,
        1,
        1,
        0,
        0,
        1,
        0,
        1,
        1,
        1,
        0,
        0,
        0,
        1,
        1,
        1,
        1,
        1,
        1,
        1,
        1,
        0,
        0,
        0,
        1,
        1,
        1,
        0,
        1,
        1,
        1,
        1,
        1,
        0,
        1,
        1,
        0,
        0,
        0,
        0,
        0,
        1,
        1
      ],
      "probabilities": [
        0.8744638995113427,
        0.8663628624860853,
        0.04238562704303544,
        0.844304564850946,
        0.8508,
        0.2892720086609903,
        0.22009131656912567,
        0.22650112397877512,
        0.6364370771383374,
        0.8871498521439357,
        0.26399336328976997,
        0.36233558020981027,
        0.4782053944031682,
        0.9165517943562678,
        0.6015232551783775,
        0.5186415122290625,
        0.46723064199306735,
        0.6976660559654122,
        0.906484617327347,
        0.7847755130579748,
        0.8007969774350266,
        0.4964210748911152,
        0.0803638874307237,
        0.45455205739509413,
        0.9254369429826361,
        0.2717569897275959,
        0.28080212041009445,
        0.9035462406015039,
        0.9376590476190476,
        0.859685748896836,
        0.6349578069739183,
        0.739452900303556,
        0.31415791279625865,
        0.34793919961278497,
        0.617738625927037,
        0.6526776608509259,
        0.7399866862514689,
        0.8290092589396366,
        0.8541466560859805,
        0.19456980458448822,
        0.7189762895439381,
        0.8094879637463338,
        0.1905129455552381,
        0.8647240618226482,
        0.8961154224099702,
        0.6173718443940948,
        0.5887396013844273,
        0.13887618704799673,
        0.17166113233865468,
        0.6080836150478055,
        0.6968051854967953,
        0.2945424437453989,
        0.7856363636363636,
        0.5221858552915241,
        0.8900659523809523,
        0.08578929543486608,
        0.44278261810214464,
        0.7995185797979465,
        0.8047662069171095,
        0.8134478212316909,
        0.8372988651921232,
        0.350244566143486,
        0.5051727326212319,
        0.9258003019937231,
        0.4698586949862077,
        0.3094493765241378,
        0.9021672012855296,
        0.8049565673009099,
        0.2995707895648474,
        0.6942886927945798,
        0.5610715189001564,
        0.11268901720207618,
        0.28045193926778,
        0.6672089295393023,
        0.3971436777717146,
        0.5520255516210036,
        0.90175,
        0.8118517763590114,
        0.07606212249109202,
        0.4350834540843569,
        0.44685228346785594,
        0.8558181818181819,
        0.7363357380522277,
        0.9402407874924466,
        0.6347033861736836,
        0.8190514123831789,
        0.7126650055975653,
        0.7309460206447703,
        0.8022889202376765,
        0.025157447659264316,
        0.36739479187858826,
        0.06785770586922947,
        0.8254405499083866,
        0.915486618357488,
        0.5355346284341993,
        0.03955615141362299,
        0.7599569550651485,
        0.9232190476190476,
        0.7376322791954609,
        0.872367325428195,
        0.7705833333333334,
        0.44206987525992136,
        0.6199472450396517,
        0.7849835295208694,
        0.38455222732142486,
        0.14495456627981484,
        0.05316915855635586,
        0.21602020891041748,
        0.4870867374934015,
        0.9280458823529413,
        0.5854625786174291
      ]
    },
    "LightGBM": {
      "accuracy": 0.8378378378378378,
      "precision": 0.9,
      "recall": 0.8513513513513513,
      "f1_score": 0.875,
      "roc_auc": 0.9050401753104456,
      "predictions": [
        1,
        1,
        0,
        1,
        1,
        0,
        0,
        0,
        1,
        1,
        0,
        0,
        1,
        1,
        1,
        1,
        1,
        1,
        1,
        1,
        1,
        0,
        0,
        0,
        1,
        0,
        0,
        1,
        1,
        1,
        1,
        1,
        0,
        0,
        0,
        1,
        1,
        1,
        1,
        0,
        1,
        1,
        0,
        1,
        1,
        1,
        1,
        0,
        0,
        1,
        1,
        0,
        1,
        0,
        1,
        0,
        0,
        1,
        1,
        1,
        1,
        0,
        1,
        1,
        0,
        0,
        1,
        1,
        0,
        1,
        1,
        0,
        0,
        1,
        0,
        0,
        1,
        1,
        0,
        0,
        1,
        1,
        1,
        1,
        1,
        1,
        1,
        1,
        1,
        0,
        0,
        0,
        1,
        1,
        1,
        0,
        1,
        1,
        1,
        1,
        1,
        0,
        1,
        1,
        0,
        0,
        0,
        0,
        1,
        1,
        1
      ],