accuracy,precision,recall,f1_score,roc_auc,model
0.8378378378378378,0.9,0.8513513513513513,0.875,0.9050401753104456,LightGBM_PCA
