{
  "total_explanations": 30,
  "avg_precision": 0.9788897080331521,
  "avg_coverage": 0.04533,
  "avg_features_used": 3.3333333333333335,
  "precision_std": 0.01865962946708818,
  "coverage_std": 0.03073652712978485,
  "top_rules": [
    [
      "PC8 <= -0.39",
      9
    ],
    [
      "PC8 > 0.73",
      9
    ],
    [
      "PC9 <= -0.51",
      8
    ],
    [
      "PC9 > 0.73",
      8
    ],
    [
      "PC8 <= 0.17",
      5
    ],
    [
      "PC10 <= -0.43",
      5
    ],
    [
      "PC2 > 1.16",
      5
    ],
    [
      "PC10 > 0.54",
      4
    ],
    [
      "PC12 <= -0.53",
      3
    ],
    [
      "PC8 > 0.17",
      3
    ]
  ],
  "rule_distribution": {
    "PC9 <= -0.51": 8,
    "PC8 <= 0.17": 5,
    "PC12 <= -0.53": 3,
    "PC8 <= -0.39": 9,
    "PC10 <= -0.43": 5,
    "PC13 <= -0.49": 1,
    "PC8 > 0.73": 9,
    "PC2 > 1.16": 5,
    "PC17 > 0.42": 1,
    "PC12 <= 0.03": 1,
    "PC8 > 0.17": 3,
    "PC15 <= -0.03": 1,
    "PC3 > -0.80": 1,
    "PC12 > -0.53": 1,
    "PC15 > 0.39": 1,
    "PC6 > 0.28": 2,
    "PC1 <= -0.97": 1,
    "PC2 <= -0.75": 2,
    "PC4 <= -0.61": 1,
    "PC9 > 0.73": 8,
    "PC7 > 0.66": 2,
    "PC14 <= -0.47": 2,
    "PC3 > 0.94": 1,
    "PC9 > 0.06": 2,
    "PC5 > 0.67": 1,
    "PC13 > -0.49": 1,
    "PC10 > 0.02": 2,
    "PC5 > -0.63": 1,
    "PC14 > 0.50": 1,
    "PC16 <= 0.35": 1,
    "PC9 > -0.51": 1,
    "PC11 <= 0.04": 1,
    "PC1 > -0.29": 1,
    "PC6 <= -0.24": 1,
    "PC12 > 0.57": 1,
    "PC10 > -0.43": 1,
    "PC1 <= -0.29": 1,
    "PC10 > 0.54": 4,
    "PC12 <= 0.57": 1,
    "PC2 > 0.25": 1,
    "PC9 <= 0.06": 2,
    "PC2 <= 0.25": 1,
    "PC8 <= 0.73": 1,
    "PC11 > 0.56": 1
  }
}