Metric,Score,Quality
Fidelity,0.9069669798505826,Good
Faithfulness,0.8017183810540695,Good
Sparsity,0.27477477477477474,Low
Stability,0.9934635639794486,Good
Consistency,0.9107507377527453,Good
